City_ID,City,Country,Date,Lat,Lng,Max Temp,Humidity,Cloudiness,Wind Speed
0,Leninsk,RU,2021-12-06 05:50:20,48.7119,45.1994,33.66,90,100,10.98
1,Saldanha,ZA,2021-12-06 05:48:17,-33.0117,17.9442,60.85,85,98,16.11
2,Gizo,SB,2021-12-06 05:49:15,-8.103,156.8419,83.93,73,92,9.66
3,Tuktoyaktuk,CA,2021-12-06 05:48:03,69.4541,-133.0374,-7.6,71,1,13.8
4,Sault Sainte Marie,CA,2021-12-06 05:50:21,46.5168,-84.3333,28.69,74,90,10.36
5,Ushuaia,AR,2021-12-06 05:47:47,-54.8,-68.3,42.46,65,20,12.66
6,La Palma,US,2021-12-06 05:50:21,33.8464,-118.0467,68.02,92,1,0.0
7,Los Llanos De Aridane,ES,2021-12-06 05:50:22,28.6585,-17.9182,62.35,74,75,15.01
8,Felipe Carrillo Puerto,MX,2021-12-06 05:50:22,19.5833,-88.05,70.81,99,5,2.24
9,Jamestown,US,2021-12-06 05:47:54,42.097,-79.2353,46.71,86,90,14.0
10,Rabo De Peixe,PT,2021-12-06 05:50:23,37.8,-25.5833,59.27,96,40,6.91
11,Dikson,RU,2021-12-06 05:47:44,73.5069,80.5464,-16.1,99,92,8.14
12,Lenine,UA,2021-12-06 05:50:23,45.2986,35.7771,47.05,91,56,8.61
13,Lensk,RU,2021-12-06 05:50:23,60.7253,114.9278,-12.05,99,55,2.53
14,San Cristobal,VE,2021-12-06 05:48:27,7.7669,-72.225,71.78,81,100,1.88
15,Hermanus,ZA,2021-12-06 05:45:17,-34.4187,19.2345,59.9,88,100,7.25
16,Frankfort,ZA,2021-12-06 05:50:24,-27.2667,28.4833,63.66,85,83,11.5
17,Busselton,AU,2021-12-06 05:47:45,-33.65,115.3333,78.15,37,22,5.99
18,Tasiilaq,GL,2021-12-06 05:48:48,65.6145,-37.6368,30.36,96,100,12.68
19,Noumea,NC,2021-12-06 05:50:25,-22.2763,166.4572,86.0,99,88,9.73
20,Fortuna,US,2021-12-06 05:47:42,40.5982,-124.1573,49.66,74,90,0.0
21,Kodiak,US,2021-12-06 05:47:47,57.79,-152.4072,35.11,80,90,13.8
22,Aswan,EG,2021-12-06 05:50:24,24.0934,32.907,56.5,54,24,9.22
23,Minab,IR,2021-12-06 05:50:26,27.1467,57.0801,74.7,40,24,2.04
24,Flinders,AU,2021-12-06 05:48:13,-34.5833,150.8552,71.19,66,100,10.69
25,Yellowknife,CA,2021-12-06 05:47:43,62.456,-114.3525,-22.45,81,1,2.3
26,Bluff,NZ,2021-12-06 05:47:48,-46.6,168.3333,55.8,56,7,23.02
27,Norman Wells,CA,2021-12-06 05:49:03,65.282,-126.8329,-29.16,68,40,2.3
28,Rikitea,PF,2021-12-06 05:47:43,-23.1203,-134.9692,76.24,76,98,7.99
29,Atuona,PF,2021-12-06 05:48:02,-9.8,-139.0333,78.51,78,7,18.81
30,Vaini,TO,2021-12-06 05:42:56,-21.2,-175.2,80.76,89,40,10.36
31,Sulina,RO,2021-12-06 05:50:27,45.1559,29.6536,52.21,92,95,17.29
32,Mahibadhoo,MV,2021-12-06 05:50:28,3.7833,72.9667,82.67,70,57,12.59
33,Mangai,CD,2021-12-06 05:49:39,-4.05,19.5333,70.61,96,99,1.57
34,Hasaki,JP,2021-12-06 05:48:44,35.7333,140.8333,55.8,59,100,10.36
35,Flin Flon,CA,2021-12-06 05:50:28,54.7682,-101.865,-12.77,92,15,8.28
36,Kabare,CD,2021-12-06 05:50:29,-2.4683,28.8242,67.35,84,100,2.66
37,Georgetown,MY,2021-12-06 05:48:41,5.4112,100.3354,85.98,65,20,8.01
38,Marsaxlokk,MT,2021-12-06 05:50:29,35.8419,14.5431,54.09,82,40,12.66
39,Castro,BR,2021-12-06 05:48:18,-24.7911,-50.0119,60.35,97,81,2.73
40,Prestea,GH,2021-12-06 05:50:30,5.4327,-2.1428,74.7,97,10,2.37
41,Pasni,PK,2021-12-06 05:50:30,25.2631,63.471,77.58,27,29,13.62
42,Wasilla,US,2021-12-06 05:50:30,61.5814,-149.4394,35.94,78,90,11.5
43,East London,ZA,2021-12-06 05:47:42,-33.0153,27.9116,68.94,88,20,10.36
44,San Jose,US,2021-12-06 05:51:30,37.3394,-121.895,56.86,83,75,3.44
45,Khasan,RU,2021-12-06 05:51:31,42.4308,130.6434,40.14,66,69,3.8
46,Sorland,NO,2021-12-06 05:51:31,67.667,12.6934,19.47,63,6,12.24
47,Falam,MM,2021-12-06 05:51:31,22.9167,93.6833,58.21,100,100,0.98
48,Garden City,US,2021-12-06 05:51:32,42.3256,-83.331,50.11,95,90,10.36
49,Port Alfred,ZA,2021-12-06 05:48:15,-33.5906,26.891,69.82,81,80,16.75
50,Butaritari,KI,2021-12-06 05:47:56,3.0707,172.7902,82.49,76,91,15.9
51,Bathsheba,BB,2021-12-06 05:48:48,13.2167,-59.5167,81.21,74,40,20.71
52,Bredasdorp,ZA,2021-12-06 05:47:52,-34.5322,20.0403,58.28,90,100,7.45
53,Hithadhoo,MV,2021-12-06 05:48:09,-0.6,73.0833,81.46,78,100,12.46
54,Pevek,RU,2021-12-06 05:49:10,69.7008,170.3133,-9.26,95,100,18.97
55,Komsomolskiy,UZ,2021-12-06 05:51:33,40.4272,71.7189,43.52,70,75,4.61
56,Constitucion,CL,2021-12-06 05:48:08,-35.3333,-72.4167,55.36,92,6,7.38
57,Vestmannaeyjar,IS,2021-12-06 05:48:11,63.4427,-20.2734,42.91,57,30,15.5
58,Chuy,UY,2021-12-06 05:48:03,-33.6971,-53.4616,61.7,93,46,5.21
59,Kaitong,CN,2021-12-06 05:51:34,44.8135,123.15,29.48,70,0,8.28
60,Geraldton,AU,2021-12-06 05:48:55,-28.7667,114.6,84.61,45,0,26.46
61,Derzhavinsk,KZ,2021-12-06 05:51:35,51.1,66.3167,18.73,87,100,8.28
62,Tiksi,RU,2021-12-06 05:48:46,71.6872,128.8694,-22.81,96,100,8.48
63,Sao Filipe,CV,2021-12-06 05:48:00,14.8961,-24.4956,75.43,71,80,10.98
64,Ugoofaaru,MV,2021-12-06 05:51:35,5.6667,73.0,82.45,73,2,9.08
65,Kavieng,PG,2021-12-06 05:48:02,-2.5744,150.7967,84.16,73,92,10.92
66,Qaanaaq,GL,2021-12-06 05:45:42,77.484,-69.3632,20.88,78,100,7.07
67,Daoukro,CI,2021-12-06 05:51:36,7.0591,-3.9631,70.7,99,52,2.17
68,Nicoya,CR,2021-12-06 05:51:36,10.1483,-85.452,78.35,88,5,2.3
69,Westport,US,2021-12-06 05:51:36,41.1415,-73.3579,52.81,80,90,4.0
70,Mataura,NZ,2021-12-06 05:47:42,-46.1927,168.8643,55.47,51,59,8.52
71,Cidreira,BR,2021-12-06 05:48:42,-30.1811,-50.2056,68.9,86,72,11.92
72,Buinsk,RU,2021-12-06 05:51:37,54.95,48.2833,24.69,88,79,5.48
73,Calabaca,PH,2021-12-06 05:51:37,14.3001,122.4336,81.25,65,39,12.68
74,Boralday,KZ,2021-12-06 05:51:38,43.3578,76.8594,37.26,87,90,4.47
75,Bethel,US,2021-12-06 05:47:48,41.3712,-73.414,50.58,73,90,1.99
76,Germantown,US,2021-12-06 05:51:38,39.1732,-77.2717,48.27,62,90,0.0
77,Hobart,AU,2021-12-06 05:45:18,-42.8794,147.3294,75.25,50,75,5.01
78,Ust-Nera,RU,2021-12-06 05:49:54,64.5667,143.2,-19.05,98,100,5.55
79,Ponta Do Sol,PT,2021-12-06 05:47:43,32.6667,-17.1,65.03,63,11,9.55
80,Raudeberg,NO,2021-12-06 05:48:54,61.9875,5.1352,35.2,74,100,3.0
81,Lorengau,PG,2021-12-06 05:49:05,-2.0226,147.2712,78.57,93,100,13.53
82,Albany,US,2021-12-06 05:48:05,42.6001,-73.9662,42.31,62,100,4.0
83,Broome,US,2021-12-06 05:51:39,42.2506,-75.833,45.63,72,90,4.0
84,Dubbo,AU,2021-12-06 05:51:40,-32.25,148.6167,69.93,73,75,16.11
85,Viradouro,BR,2021-12-06 05:51:40,-20.8731,-48.2969,71.69,92,76,1.74
86,Carnarvon,AU,2021-12-06 05:47:47,-24.8667,113.6333,82.47,61,0,21.85
87,Husavik,IS,2021-12-06 05:47:59,66.0449,-17.3389,39.11,84,100,12.68
88,Evans,US,2021-12-06 05:52:41,33.5337,-82.1307,58.03,73,1,3.44
89,Vao,NC,2021-12-06 05:52:41,-22.6667,167.4833,76.6,82,100,12.62
90,Abalak,RU,2021-12-06 05:52:41,58.1286,68.5944,8.46,86,100,2.15
91,Wajima,JP,2021-12-06 05:52:41,37.4,136.9,47.08,100,75,3.44
92,Severnoye,RU,2021-12-06 05:52:42,56.3491,78.3619,27.72,96,100,5.88
93,Huilong,CN,2021-12-06 05:52:42,31.8111,121.655,64.98,57,0,4.41
94,Arraial Do Cabo,BR,2021-12-06 05:47:54,-22.9661,-42.0278,73.53,91,68,17.56
95,Puerto Ayora,EC,2021-12-06 05:48:22,-0.7393,-90.3518,67.01,92,52,6.8
96,Naryan-Mar,RU,2021-12-06 05:52:42,67.6713,53.087,21.76,89,100,21.14
97,Wilmington,US,2021-12-06 05:52:43,34.2257,-77.9447,59.86,95,75,0.0
98,Kantilo,IN,2021-12-06 05:52:43,20.35,85.1833,78.66,81,99,3.04
99,Tuatapere,NZ,2021-12-06 05:48:00,-46.1333,167.6833,55.81,58,71,8.9
100,Haines Junction,CA,2021-12-06 05:52:43,60.7522,-137.5108,-2.45,100,100,1.36
101,Bengkulu,ID,2021-12-06 05:48:54,-3.8004,102.2655,84.56,71,98,12.77
102,Methoni,GR,2021-12-06 05:52:44,36.8197,21.7049,58.21,65,64,15.5
103,Saskylakh,RU,2021-12-06 05:47:51,71.9167,114.0833,-28.34,98,95,5.03
104,Sitka,US,2021-12-06 05:47:46,57.0531,-135.33,35.49,69,90,5.75
105,Coquimbo,CL,2021-12-06 05:47:40,-29.9533,-71.3436,57.97,87,70,3.02
106,Buraydah,SA,2021-12-06 05:48:49,26.326,43.975,61.25,35,50,13.18
107,Dobsina,SK,2021-12-06 05:52:45,48.8207,20.3699,33.91,97,100,3.96
108,Cape Town,ZA,2021-12-06 05:46:48,-33.9258,18.4232,62.1,89,75,1.99
109,Lieksa,FI,2021-12-06 05:52:45,63.3167,30.0167,10.85,92,41,8.1
110,Vila Velha,BR,2021-12-06 05:52:46,-20.3297,-40.2925,75.15,91,40,4.61
111,Thompson,CA,2021-12-06 05:48:01,55.7435,-97.8558,-23.64,76,1,8.05
112,New Norfolk,AU,2021-12-06 05:48:39,-42.7826,147.0587,74.91,42,86,8.99
113,Ngunguru,NZ,2021-12-06 05:52:46,-35.6167,174.5,74.16,86,65,10.65
114,Dunedin,NZ,2021-12-06 05:52:46,-45.8742,170.5036,54.81,66,73,3.0
115,Nome,US,2021-12-06 05:48:36,64.5011,-165.4064,30.27,93,90,25.32
116,Souillac,MU,2021-12-06 05:48:33,-20.5167,57.5167,82.78,65,40,13.8
117,Qiongshan,CN,2021-12-06 05:52:47,20.0058,110.3542,73.38,56,40,17.9
118,Kulhudhuffushi,MV,2021-12-06 05:52:47,6.6221,73.07,82.13,74,9,9.75
119,Rosetta,EG,2021-12-06 05:52:47,31.4044,30.4164,62.42,67,90,5.59
120,Mayumba,GA,2021-12-06 05:52:48,-3.432,10.6554,75.4,92,100,2.19
121,Zhanakorgan,KZ,2021-12-06 05:52:48,43.9098,67.2495,44.87,58,97,7.78
122,Saint George,US,2021-12-06 05:48:45,37.1041,-113.5841,58.35,41,1,4.61
123,Gayny,RU,2021-12-06 05:52:48,60.3071,54.3241,-23.26,100,70,3.29
124,Joacaba,BR,2021-12-06 05:52:48,-27.1781,-51.5047,59.81,99,9,0.89
125,Kahului,US,2021-12-06 05:49:24,20.8947,-156.47,74.84,95,75,25.32
126,Isla Vista,US,2021-12-06 05:52:49,34.4133,-119.861,66.69,61,1,0.0
127,Willowmore,ZA,2021-12-06 05:52:49,-33.2926,23.4895,61.36,68,96,9.13
128,Arroyo,ES,2021-12-06 05:52:50,41.6096,-4.7969,39.6,88,0,6.91
129,Krasnokamensk,RU,2021-12-06 05:52:51,50.0979,118.0369,20.73,75,5,6.78
130,Salalah,OM,2021-12-06 05:48:12,17.0151,54.0924,80.69,29,0,8.05
131,Obihiro,JP,2021-12-06 05:51:49,42.9172,143.2044,44.01,74,30,1.41
132,Los Algarrobos,PA,2021-12-06 05:52:51,8.5,-82.4333,80.46,83,18,3.33
133,Severo-Kurilsk,RU,2021-12-06 05:49:33,50.6789,156.125,35.31,85,90,16.93
134,Kruisfontein,ZA,2021-12-06 05:52:52,-34.0033,24.7314,65.88,84,87,19.04
135,Conde,BR,2021-12-06 05:53:52,-7.2597,-34.9075,78.26,89,20,6.91
136,Caravelas,BR,2021-12-06 05:48:07,-17.7125,-39.2481,72.61,91,4,4.74
137,Esperance,AU,2021-12-06 05:48:07,-33.8667,121.9,66.04,67,88,17.78
138,Hilo,US,2021-12-06 05:47:54,19.7297,-155.09,78.28,89,40,10.36
139,Klichka,RU,2021-12-06 05:53:53,50.4457,117.996,17.46,82,7,5.66
140,Muros,ES,2021-12-06 05:53:53,42.7762,-9.0603,53.83,96,92,7.99
141,Rorvik,NO,2021-12-06 05:53:53,64.8621,11.2373,17.71,62,0,14.97
142,Port Lincoln,AU,2021-12-06 05:53:53,-34.7333,135.8667,65.97,60,39,18.01
143,Bage,BR,2021-12-06 05:50:34,-31.3314,-54.1069,60.8,100,0,4.61
144,Saint-Philippe,RE,2021-12-06 05:48:00,-21.3585,55.7679,87.35,72,14,11.23
145,Faanui,PF,2021-12-06 05:47:44,-16.4833,-151.75,80.69,75,44,15.05
146,Najran,SA,2021-12-06 05:48:28,17.4924,44.1277,57.85,25,0,2.73
147,Zhizdra,RU,2021-12-06 05:53:54,53.746,34.7395,24.94,88,100,5.26
148,Nanortalik,GL,2021-12-06 05:48:39,60.1432,-45.2371,25.92,61,100,34.52
149,Panlaitan,PH,2021-12-06 05:53:55,12.1191,119.8486,82.8,64,98,3.38
150,Kapaa,US,2021-12-06 05:47:41,22.0752,-159.319,75.52,76,20,1.99
151,Capinzal,BR,2021-12-06 05:53:55,-27.3436,-51.6119,60.15,99,10,1.81
152,Lerwick,GB,2021-12-06 05:53:55,60.1545,-1.1494,44.6,76,96,26.78
153,Senanga,ZM,2021-12-06 05:53:56,-16.1167,23.2667,75.74,62,98,0.36
154,Kapuskasing,CA,2021-12-06 05:53:56,49.4169,-82.4331,12.29,85,90,4.61
155,Tutoia,BR,2021-12-06 05:53:56,-2.7619,-42.2744,80.69,79,78,12.97
156,Chaiya,TH,2021-12-06 05:53:56,9.3862,99.1986,87.12,65,35,13.62
157,Codrington,AU,2021-12-06 05:49:06,-38.2667,141.9667,66.94,59,54,19.69
158,Carauari,BR,2021-12-06 05:47:41,-4.8828,-66.8958,73.11,99,99,3.11
159,Merauke,ID,2021-12-06 05:49:05,-8.4667,140.3333,86.16,62,99,8.41
160,Poronaysk,RU,2021-12-06 05:53:57,49.2167,143.1167,37.42,73,7,13.62
161,Huarmey,PE,2021-12-06 05:47:58,-10.0681,-78.1522,65.3,91,99,8.5
162,Cabo San Lucas,MX,2021-12-06 05:48:25,22.8909,-109.9124,75.51,73,100,5.41
163,Lagoa,PT,2021-12-06 05:49:23,39.05,-27.9833,62.73,78,88,13.24
164,Auki,SB,2021-12-06 05:53:58,-8.7676,160.7034,79.27,88,100,7.18
165,Talnakh,RU,2021-12-06 05:53:58,69.4865,88.3972,-14.8,99,100,13.73
166,Ardakan,IR,2021-12-06 05:53:58,32.31,54.0175,46.78,28,79,7.83
167,Port Keats,AU,2021-12-06 05:48:00,-14.25,129.55,90.66,58,94,8.72
168,Port Elizabeth,ZA,2021-12-06 05:45:00,-33.918,25.5701,68.09,88,0,5.75
169,Sunrise Manor,US,2021-12-06 05:53:59,36.2111,-115.0731,66.31,21,1,9.22
170,Praia Da Vitoria,PT,2021-12-06 05:48:05,38.7333,-27.0667,59.76,82,40,5.35
171,Balabac,PH,2021-12-06 05:53:59,7.9868,117.0645,83.16,72,89,15.7
172,Port-Gentil,GA,2021-12-06 05:54:00,-0.7193,8.7815,75.16,94,90,6.91
173,Katangli,RU,2021-12-06 05:48:43,51.7102,143.2326,30.58,78,60,11.56
174,Mar Del Plata,AR,2021-12-06 05:47:45,-38.0023,-57.5575,60.87,85,40,1.99
175,Barrow,US,2021-12-06 05:45:01,71.2906,-156.7887,19.42,86,75,20.71
176,Maceio,BR,2021-12-06 05:48:38,-9.6658,-35.7353,78.24,88,40,4.61
177,Saint Anthony,US,2021-12-06 05:54:01,45.0205,-93.218,30.15,79,90,8.01
178,Tura,IN,2021-12-06 05:48:10,25.5198,90.2201,72.75,66,99,3.44
179,Shingu,JP,2021-12-06 05:47:50,33.7333,135.9833,63.59,84,100,8.77
180,Punta Arenas,CL,2021-12-06 05:47:44,-53.15,-70.9167,43.23,75,99,4.85
181,Umm Lajj,SA,2021-12-06 05:55:02,25.0213,37.2685,73.63,51,37,9.37
182,Henties Bay,NA,2021-12-06 05:47:07,-22.116,14.2845,55.85,83,0,2.59
183,Ranong,TH,2021-12-06 05:55:02,9.9658,98.6348,84.13,58,40,12.97
184,Namibe,AO,2021-12-06 05:47:59,-15.1961,12.1522,72.41,66,9,2.55
185,Ambon,ID,2021-12-06 05:55:03,-3.6954,128.1814,89.74,58,40,16.11
186,Chokurdakh,RU,2021-12-06 05:47:59,70.6333,147.9167,-44.03,99,63,5.77
187,Nikolskoye,RU,2021-12-06 05:47:40,59.7035,30.7861,-3.6,96,7,4.81
188,Lazaro Cardenas,MX,2021-12-06 05:55:03,17.9583,-102.2,75.15,87,83,3.56
189,Lar,IN,2021-12-06 05:55:04,26.2039,83.9717,80.92,44,0,3.8
190,Tomatlan,MX,2021-12-06 05:55:04,19.9333,-105.25,71.15,95,41,2.55
191,Juybar,IR,2021-12-06 05:55:04,36.6412,52.9124,53.76,58,37,7.52
192,Upernavik,GL,2021-12-06 05:47:55,72.7868,-56.1549,29.05,81,100,15.68
193,Marzuq,YE,2021-12-06 05:55:05,14.4,46.4667,68.88,26,7,3.56
194,Dingle,PH,2021-12-06 05:47:57,10.9995,122.6711,81.5,73,82,10.6
195,Warwick,US,2021-12-06 05:55:05,41.7001,-71.4162,48.45,75,94,3.0
196,Cayenne,GF,2021-12-06 05:49:50,4.9333,-52.3333,76.08,92,75,1.14
197,Sol-Iletsk,RU,2021-12-06 05:55:06,51.1631,54.9918,31.39,97,100,5.97
198,The Valley,AI,2021-12-06 05:55:06,18.217,-63.0578,80.46,74,75,22.21
199,Chicama,PE,2021-12-06 05:55:06,-7.8447,-79.1469,64.92,90,100,4.41
200,Provideniya,RU,2021-12-06 05:48:43,64.3833,-173.3,18.05,96,84,7.67
201,Naze,JP,2021-12-06 05:55:07,28.3667,129.4833,68.92,58,72,13.58
202,Sibay,RU,2021-12-06 05:55:07,52.7181,58.6658,27.77,97,100,1.7
203,Port Hardy,CA,2021-12-06 05:49:10,50.6996,-127.4199,34.75,100,90,19.57
204,Lebu,CL,2021-12-06 05:48:50,-37.6167,-73.65,55.24,85,1,1.88
205,Mbuji-Mayi,CD,2021-12-06 05:55:07,-6.15,23.6,72.43,89,100,2.3
206,Tabou,CI,2021-12-06 05:48:17,4.423,-7.3528,78.64,86,51,7.83
207,Vung Tau,VN,2021-12-06 05:55:08,10.346,107.0843,79.0,74,94,6.76
208,Tampilisan,PH,2021-12-06 05:55:08,8.0167,122.6833,82.18,68,82,11.99
209,Kalmunai,LK,2021-12-06 05:55:08,7.4167,81.8167,83.73,70,10,4.68
210,Bandarbeyla,SO,2021-12-06 05:48:59,9.4942,50.8122,80.11,55,12,15.75
211,Mildura,AU,2021-12-06 05:54:12,-34.2,142.15,89.56,9,91,3.44
212,Warrington,GB,2021-12-06 05:50:47,53.3925,-2.5802,40.48,91,100,1.01
213,Petrivka,UA,2021-12-06 05:55:10,46.9695,30.9591,50.45,96,100,15.39
214,Pastavy,BY,2021-12-06 05:55:10,55.1168,26.8326,18.14,97,100,6.22
215,Am Timan,TD,2021-12-06 05:48:26,11.0297,20.2827,75.69,29,64,5.97
216,Victoria,HK,2021-12-06 05:43:30,22.2855,114.1577,77.18,45,62,1.99
217,Ilhabela,BR,2021-12-06 05:55:11,-23.7781,-45.3581,71.92,91,93,2.98
218,Svetlyy,RU,2021-12-06 05:49:50,54.675,20.1347,23.05,90,99,13.73
219,Kloulklubed,PW,2021-12-06 05:49:09,7.0419,134.2556,86.5,78,100,13.33
220,Tessalit,ML,2021-12-06 05:49:11,20.1986,1.0114,60.75,20,23,8.12
221,Port Hedland,AU,2021-12-06 05:49:26,-20.3167,118.5667,102.25,29,29,16.11
222,Nemuro,JP,2021-12-06 05:48:34,43.3236,145.575,45.03,77,34,22.46
223,Tres Arroyos,AR,2021-12-06 05:55:12,-38.3739,-60.2798,53.87,73,0,7.96
224,Birjand,IR,2021-12-06 05:51:34,32.8663,59.2211,43.27,26,0,4.61
225,Pangkalanbuun,ID,2021-12-06 05:56:12,-2.6833,111.6167,81.59,78,98,3.96
226,Pinawa,CA,2021-12-06 05:56:13,50.1489,-95.8811,0.09,84,100,14.07
227,Luanda,AO,2021-12-06 05:56:13,-8.8368,13.2343,77.7,84,99,5.12
228,Onguday,RU,2021-12-06 05:56:13,50.75,86.15,26.8,67,96,2.77
229,Porto Velho,BR,2021-12-06 05:53:02,-8.7619,-63.9039,77.05,94,75,1.14
230,Lompoc,US,2021-12-06 05:48:58,34.6391,-120.4579,61.79,94,1,13.8
231,Abashiri,JP,2021-12-06 05:56:14,44.0213,144.2697,43.09,52,0,3.44
232,Saint-Pierre,RE,2021-12-06 05:56:14,-21.3393,55.4781,87.44,61,0,8.05
233,Batagay-Alyta,RU,2021-12-06 05:48:31,67.8006,130.4114,-18.54,99,100,1.25
234,Lianzhou,CN,2021-12-06 05:56:14,24.7811,112.3825,70.11,29,14,5.91
235,Havelock,US,2021-12-06 05:49:25,34.8791,-76.9013,55.35,87,1,0.0
236,Vilyuysk,RU,2021-12-06 05:56:15,63.7553,121.6247,-25.46,94,100,6.4
237,Buala,SB,2021-12-06 05:48:24,-8.145,159.5921,79.56,87,100,19.66
238,Taoudenni,ML,2021-12-06 05:56:15,22.6783,-3.9836,56.77,26,100,10.71
239,Kirakira,SB,2021-12-06 05:48:32,-10.4544,161.9205,78.6,86,99,9.8
240,Log,RU,2021-12-06 05:56:16,49.4844,43.8613,29.08,93,100,8.39
241,Ojinaga,MX,2021-12-06 05:56:16,29.5667,-104.4167,61.75,48,1,6.91
242,San Jeronimo,PE,2021-12-06 05:56:16,-11.9472,-75.2829,50.07,86,100,1.57
243,Ishigaki,JP,2021-12-06 05:48:42,24.3448,124.1572,77.13,53,20,13.8
244,Portland,US,2021-12-06 05:46:37,45.5234,-122.6762,42.73,91,90,3.0
245,Opuwo,NA,2021-12-06 05:56:17,-18.0607,13.84,73.65,20,4,3.78
246,Puerto Ayacucho,VE,2021-12-06 05:56:17,5.6639,-67.6236,75.4,83,99,3.13
247,Ancud,CL,2021-12-06 05:48:51,-41.8697,-73.8203,58.42,82,0,2.26
248,Mayo,US,2021-12-06 05:56:18,38.8876,-76.5119,49.86,82,90,1.99
249,Urumqi,CN,2021-12-06 05:56:18,43.801,87.6005,29.35,59,57,2.24
250,Nabire,ID,2021-12-06 05:56:18,-3.3667,135.4833,91.35,58,84,9.04
251,Sibolga,ID,2021-12-06 05:49:20,1.7427,98.7792,86.7,61,71,5.57
252,Diamantino,BR,2021-12-06 05:56:18,-14.4086,-56.4461,72.93,95,98,3.42
253,Klaksvik,FO,2021-12-06 05:49:10,62.2266,-6.589,38.32,69,100,32.26
254,Innisfail,AU,2021-12-06 05:56:19,-17.5333,146.0333,90.88,58,19,11.03
255,Galle,LK,2021-12-06 05:56:19,6.0367,80.217,83.64,70,61,4.0
256,Omboue,GA,2021-12-06 05:56:19,-1.5746,9.2618,75.0,94,100,2.53
257,Hornepayne,CA,2021-12-06 05:56:19,49.2138,-84.7705,17.1,93,100,11.05
258,Labuhan,ID,2021-12-06 05:56:20,-6.8844,112.2051,80.51,81,97,6.64
259,Avdon,RU,2021-12-06 05:55:33,54.6667,55.7167,20.52,92,75,8.95
260,Camacha,PT,2021-12-06 05:48:14,33.0833,-16.3333,62.02,63,75,11.5
261,Seminole,US,2021-12-06 05:56:20,28.7086,-81.2081,68.07,92,87,2.77
262,Teknaf,BD,2021-12-06 05:56:20,20.8624,92.3058,81.95,73,55,9.42
263,Sept-Iles,CA,2021-12-06 05:53:07,50.2001,-66.3821,9.12,66,20,3.44
264,Bambous Virieux,MU,2021-12-06 05:48:45,-20.3428,57.7575,82.65,65,40,13.8
265,Sao Francisco,BR,2021-12-06 05:56:21,-15.9486,-44.8644,67.3,96,30,2.66
266,Selma,US,2021-12-06 05:56:21,36.5708,-119.6121,48.18,92,15,2.53
267,Balogo,PH,2021-12-06 05:56:21,10.8868,124.7105,83.37,70,52,4.47
268,Chimbote,PE,2021-12-06 05:56:22,-9.0853,-78.5783,65.23,88,100,6.44
269,Guspini,IT,2021-12-06 05:56:22,39.5406,8.6294,45.7,73,85,23.13
270,Corinto,GR,2021-12-06 05:56:22,37.9407,22.9573,57.69,81,32,6.49
271,Mnogovershinnyy,RU,2021-12-06 05:56:22,53.9353,139.9242,5.99,96,94,2.21
272,Hambantota,LK,2021-12-06 05:49:39,6.1241,81.1185,86.34,84,40,2.3
273,Sigli,ID,2021-12-06 05:57:23,5.3848,95.9609,82.76,72,87,6.06
274,Ilulissat,GL,2021-12-06 05:49:27,69.2167,-51.1,26.62,50,88,10.36
275,Narsaq,GL,2021-12-06 05:55:27,60.9167,-46.05,18.77,76,85,15.95
276,Yerbogachen,RU,2021-12-06 05:57:23,61.2767,108.0108,-12.32,97,49,4.74
277,Zapolyarnyy,RU,2021-12-06 05:57:24,69.4154,30.8136,6.08,78,25,24.94
278,Payo,ID,2021-12-06 05:57:24,-3.7508,103.6372,87.51,62,95,4.07
279,Burnie,AU,2021-12-06 05:57:24,-41.0667,145.9167,62.1,76,90,9.22
280,Moses Lake,US,2021-12-06 05:57:25,47.1301,-119.2781,36.18,41,100,4.14
281,Murwillumbah,AU,2021-12-06 05:57:25,-28.3167,153.4,80.2,69,85,12.66
282,Alice Springs,AU,2021-12-06 05:49:06,-23.7,133.8833,92.75,27,30,8.05
283,Hobyo,SO,2021-12-06 05:49:02,5.3505,48.5268,80.98,64,80,18.07
284,Ribeira Grande,PT,2021-12-06 05:48:30,38.5167,-28.7,63.64,71,86,10.42
285,Nuuk,GL,2021-12-06 05:48:07,64.1835,-51.7216,25.41,80,75,17.27
286,Maloy,NO,2021-12-06 05:57:26,61.9353,5.1136,36.07,74,100,3.0
287,Beaverlodge,CA,2021-12-06 05:57:26,55.2166,-119.4361,-8.25,84,100,5.23
288,Maldonado,UY,2021-12-06 05:57:26,-34.6667,-54.9167,65.59,97,16,2.73
289,Morozovsk,RU,2021-12-06 05:57:27,48.3539,41.8261,34.59,98,100,3.04
290,Poum,NC,2021-12-06 05:57:27,-20.2333,164.0167,81.97,74,22,15.57
291,San Patricio,US,2021-12-06 05:47:56,28.017,-97.5169,75.88,91,100,14.61
292,Ulaangom,MN,2021-12-06 05:57:27,49.9811,92.0667,14.83,87,100,1.66
293,Pinheiro Machado,BR,2021-12-06 05:57:27,-31.5783,-53.3811,58.05,100,17,6.33
294,Lata,PT,2021-12-06 05:49:15,40.1629,-8.3327,51.82,95,55,2.04
295,Sabha,LY,2021-12-06 05:49:40,27.0377,14.4283,47.17,32,1,8.19
296,Coahuayana,MX,2021-12-06 05:57:28,18.7333,-103.6833,72.63,94,100,3.47
297,Ous,RU,2021-12-06 05:57:28,60.9058,61.5186,-5.55,98,97,3.78
298,Touros,BR,2021-12-06 05:48:14,-5.1989,-35.4608,76.1,79,31,13.69
299,Baykit,RU,2021-12-06 05:57:29,61.67,96.37,-0.81,89,100,2.04
300,Nouadhibou,MR,2021-12-06 05:57:29,20.931,-17.0347,66.6,47,56,13.4
301,Palimbang,PH,2021-12-06 05:57:29,6.2106,124.1894,83.64,78,51,5.59
302,Farafenni,GM,2021-12-06 05:57:29,13.5667,-15.6,73.36,19,94,6.64
303,Igarka,RU,2021-12-06 05:57:30,67.4667,86.5833,-24.36,97,99,14.23
304,Longyearbyen,SJ,2021-12-06 05:48:53,78.2186,15.6401,22.84,86,75,14.97
305,Tefe,BR,2021-12-06 05:57:30,-3.3542,-64.7114,72.68,99,86,1.57
306,Bilibino,RU,2021-12-06 05:55:14,68.0546,166.4372,-19.84,98,100,3.29
307,Prince Albert,CA,2021-12-06 05:57:30,53.2001,-105.7677,-11.25,70,1,8.05
308,Tsiroanomandidy,MG,2021-12-06 05:57:31,-18.7667,46.0333,82.83,38,2,7.45
309,Avarua,CK,2021-12-06 05:47:58,-21.2078,-159.775,77.05,88,75,9.22
310,Kitgum,UG,2021-12-06 05:57:31,3.2783,32.8867,81.23,40,68,8.86
311,Shelburne,CA,2021-12-06 05:53:29,44.0787,-80.2041,35.49,99,100,12.01
312,Jarvakandi,EE,2021-12-06 05:57:31,58.7789,24.8258,6.39,79,13,4.94
313,Kelvington,CA,2021-12-06 05:57:32,52.1667,-103.5343,-11.54,100,79,6.69
314,Khor,RU,2021-12-06 05:57:32,47.8861,134.9464,31.62,96,100,13.15
315,Andenes,NO,2021-12-06 05:57:32,69.3143,16.1194,22.98,80,75,14.97
316,Balkanabat,TM,2021-12-06 05:57:32,39.5108,54.3671,54.39,35,98,3.6
317,Bhawana,PK,2021-12-06 05:57:33,31.5692,72.649,71.64,41,1,4.76
318,Vila Franca Do Campo,PT,2021-12-06 05:49:19,37.7167,-25.4333,60.19,84,26,1.9
319,Belyy Yar,RU,2021-12-06 05:58:33,53.6039,91.3903,26.49,65,51,0.0
320,Sangmelima,CM,2021-12-06 05:58:34,2.9333,11.9833,69.33,97,100,0.4
321,Isangel,VU,2021-12-06 05:48:57,-19.55,169.2667,87.91,62,20,5.75
322,Matveyevka,RU,2021-12-06 05:58:34,52.15,56.1833,27.55,97,96,4.34
323,Igrim,RU,2021-12-06 05:58:34,63.1906,64.4162,-18.94,99,13,3.4
324,Beringovskiy,RU,2021-12-06 05:58:34,63.05,179.3167,-3.06,87,49,12.68
325,Chornobay,UA,2021-12-06 05:58:35,49.6708,32.3239,34.38,97,100,13.6
326,Ixtlahuacan Del Rio,MX,2021-12-06 05:58:35,20.8667,-103.25,59.27,58,95,2.15
327,Ridgecrest,US,2021-12-06 05:49:41,35.6225,-117.6709,57.42,21,1,5.75
328,Namatanai,PG,2021-12-06 05:58:35,-3.6667,152.4333,83.61,75,49,7.25
329,Cebu,PH,2021-12-06 05:58:35,10.3167,123.8907,85.66,62,75,11.5
330,Rawson,AR,2021-12-06 05:49:28,-43.3002,-65.1023,62.65,66,2,6.96
331,Kinshasa,CD,2021-12-06 05:58:36,-4.3246,15.3215,72.84,94,100,0.51
332,Cherskiy,RU,2021-12-06 05:58:36,68.75,161.3,-28.98,97,100,3.33
333,Pacific Grove,US,2021-12-06 05:58:36,36.6177,-121.9166,58.62,95,6,1.99
334,Bima,ID,2021-12-06 05:58:37,-8.4667,118.7167,79.39,89,100,1.32
335,Hervey Bay,AU,2021-12-06 05:49:08,-25.2986,152.8535,80.71,67,33,15.61
336,Clyde River,CA,2021-12-06 05:58:37,70.4692,-68.5914,10.63,85,100,23.02
337,Korla,CN,2021-12-06 05:48:37,41.7597,86.1469,36.97,42,99,0.54
338,Pirovskoye,RU,2021-12-06 05:58:37,57.6267,92.2658,32.7,90,100,14.23
339,Thinadhoo,MV,2021-12-06 05:58:38,0.5333,72.9333,82.18,78,66,16.17
340,Kaitangata,NZ,2021-12-06 05:58:38,-46.2817,169.8464,52.93,58,75,9.84
341,Vestmanna,FO,2021-12-06 05:58:38,62.1564,-7.1664,36.52,93,75,25.32
342,Vardo,NO,2021-12-06 05:49:07,70.3705,31.1107,14.2,78,88,21.41
343,Lunca,RO,2021-12-06 05:58:39,43.8333,24.7667,36.28,94,84,6.06
344,Amursk,RU,2021-12-06 05:58:39,50.2261,136.8994,20.46,91,100,13.82
345,Antofagasta,CL,2021-12-06 05:58:39,-23.65,-70.4,62.4,74,79,2.48
346,Lasa,IT,2021-12-06 05:58:40,46.6166,10.7002,28.62,93,97,6.35
347,Channel-Port Aux Basques,CA,2021-12-06 05:58:40,47.5702,-59.1367,32.18,60,99,21.52
348,Ostrovnoy,RU,2021-12-06 05:58:40,68.0531,39.5131,11.14,74,92,23.22
349,Mariental,NA,2021-12-06 05:58:41,-24.6333,17.9667,65.86,42,0,10.38
350,Olafsvik,IS,2021-12-06 05:58:41,64.8945,-23.7142,40.53,79,90,23.0
351,Powell River,CA,2021-12-06 05:58:41,49.8496,-124.5361,39.2,86,100,4.81
352,Torbay,CA,2021-12-06 05:58:41,47.6666,-52.7314,30.67,79,40,14.97
353,Hamilton,US,2021-12-06 05:58:42,39.1834,-84.5333,62.24,93,90,3.0
354,Jaicos,BR,2021-12-06 05:58:42,-7.3592,-41.1378,75.99,62,22,4.68
355,Atbasar,KZ,2021-12-06 05:58:42,51.8,68.3333,15.17,87,100,7.09
356,Khatanga,RU,2021-12-06 05:58:43,71.9667,102.5,-11.74,96,100,9.01
357,Yar-Sale,RU,2021-12-06 05:58:43,66.8333,70.8333,-8.88,85,97,16.02
358,Atambua,ID,2021-12-06 05:58:43,-9.1061,124.8925,82.2,73,98,4.21
359,Cap Malheureux,MU,2021-12-06 05:58:43,-19.9842,57.6142,83.46,62,22,10.0
360,Sao Joao Da Barra,BR,2021-12-06 05:58:43,-21.6403,-41.0511,74.28,88,83,15.05
361,Boyolangu,ID,2021-12-06 05:58:44,-8.1181,111.8935,77.5,88,100,2.73
362,High Level,CA,2021-12-06 05:59:44,58.5169,-117.136,-30.89,75,1,0.0
363,Aleksandrov Gay,RU,2021-12-06 05:59:44,50.147,48.5704,32.2,83,100,15.52
364,Byron Bay,AU,2021-12-06 05:59:44,-28.65,153.6167,77.88,80,75,7.81
365,Sandi,IN,2021-12-06 05:59:45,27.3,79.95,70.09,56,92,3.24
366,Maltahohe,NA,2021-12-06 05:59:45,-24.8333,16.9833,61.68,47,0,11.25
367,Tukrah,LY,2021-12-06 05:59:45,32.5341,20.5791,58.32,59,0,18.37
368,Kununurra,AU,2021-12-06 05:59:45,-15.7667,128.7333,94.98,55,100,6.91
369,La Ronge,CA,2021-12-06 05:59:45,55.1001,-105.2842,-10.95,70,1,5.75
370,Ahipara,NZ,2021-12-06 05:59:46,-35.1667,173.1667,71.02,76,98,9.82
371,Pontes E Lacerda,BR,2021-12-06 05:59:46,-15.2261,-59.3353,71.82,98,100,2.26
372,Samarai,PG,2021-12-06 05:59:46,-10.6167,150.6667,84.07,72,98,12.26
373,Asau,RO,2021-12-06 05:59:46,46.4333,26.4,33.96,83,100,2.84
374,Hede,CN,2021-12-06 05:59:47,33.7681,120.2517,60.84,31,2,6.62
375,Bella Union,UY,2021-12-06 05:59:47,-30.2752,-57.6007,69.57,65,30,5.95
376,Bardiyah,LY,2021-12-06 05:59:47,31.7561,25.0865,58.33,65,0,12.19
377,Camana,PE,2021-12-06 05:59:47,-16.6228,-72.7111,67.19,88,100,5.17
378,Lebanon,US,2021-12-06 05:59:47,36.2081,-86.2911,68.49,78,75,20.71
379,Jizan,SA,2021-12-06 05:59:48,17.3333,42.6667,77.94,59,0,5.93
380,Jiaocheng,CN,2021-12-06 05:59:48,24.6774,116.1389,72.23,26,20,4.94
381,Verkhoyansk,RU,2021-12-06 05:59:48,67.5447,133.385,-18.92,98,100,1.32
382,Alamosa,US,2021-12-06 05:59:48,37.4695,-105.87,33.31,49,2,1.66
383,Balkhash,KZ,2021-12-06 05:59:49,46.844,74.9804,34.41,75,20,4.47
384,Mogzon,RU,2021-12-06 05:59:49,51.7435,111.9606,25.09,62,44,8.46
385,Airai,TL,2021-12-06 05:59:49,-8.9266,125.4092,70.2,77,98,2.39
386,Kaman,IN,2021-12-06 05:59:49,27.65,77.2667,70.16,50,78,3.11
387,Dawei,MM,2021-12-06 05:59:50,14.0833,98.2,86.58,38,10,5.57
388,Doka,SD,2021-12-06 05:59:50,13.5167,35.7667,80.98,30,0,12.88
389,Alenquer,BR,2021-12-06 05:59:50,-1.9417,-54.7383,77.34,90,46,3.11
390,Calabozo,VE,2021-12-06 05:59:50,8.9242,-67.4293,76.24,72,67,6.69
391,Saint-Joseph,RE,2021-12-06 05:59:50,-21.3667,55.6167,86.36,69,9,10.42
392,Mahina,PF,2021-12-06 05:59:51,-17.5065,-149.489,82.17,65,20,10.36
393,Carlisle,US,2021-12-06 05:56:36,40.2015,-77.1889,46.87,73,49,8.1
394,Kotma,IN,2021-12-06 05:59:51,23.2,81.9667,78.26,43,0,2.71
395,Dhidhdhoo,MV,2021-12-06 05:58:56,6.8833,73.1,82.31,74,10,9.98
396,Antsohihy,MG,2021-12-06 05:59:52,-14.8796,47.9875,89.44,44,23,5.84
397,Great Yarmouth,GB,2021-12-06 05:59:52,52.6083,1.7305,37.02,87,90,8.7
398,Sola,VU,2021-12-06 05:59:52,-13.8833,167.55,79.93,79,56,11.14
399,Nago,JP,2021-12-06 05:59:52,26.5881,127.9761,75.63,65,18,14.18
400,Khani,GE,2021-12-06 05:59:52,41.9563,42.9566,36.97,60,19,5.84
401,Maple Creek,CA,2021-12-06 05:59:53,49.9168,-109.4848,3.61,77,69,6.91
402,Qarqin,AF,2021-12-06 05:59:53,37.4185,66.0436,60.01,35,0,22.44
403,Norden,DE,2021-12-06 05:59:19,53.6,7.2,36.97,97,98,11.27
404,Edd,ER,2021-12-06 05:59:53,13.9297,41.6925,85.14,39,0,15.28
405,Vila Do Maio,CV,2021-12-06 05:59:53,15.1333,-23.2167,72.39,73,70,18.45
406,Gamboma,CG,2021-12-06 05:59:54,-1.8764,15.8644,74.43,89,100,3.27
407,Kimbe,PG,2021-12-06 05:59:54,-5.5502,150.1429,79.48,90,100,0.43
408,Honiara,SB,2021-12-06 05:59:54,-9.4333,159.95,79.68,88,100,8.77
409,Sisophon,KH,2021-12-06 05:59:54,13.5859,102.9737,79.54,55,51,7.94
410,Vanavara,RU,2021-12-06 06:00:55,60.34,102.2797,-2.11,94,100,1.79
411,Kandrian,PG,2021-12-06 06:00:55,-6.2167,149.55,86.34,68,100,10.47
412,Mount Isa,AU,2021-12-06 06:00:55,-20.7333,139.5,94.77,29,69,11.5
413,Riyadh,SA,2021-12-06 06:00:00,24.6877,46.7219,62.65,31,0,4.61
414,Luau,AO,2021-12-06 06:00:56,-10.7073,22.2247,66.51,92,98,3.85
415,Alofi,NU,2021-12-06 06:00:56,-19.0595,-169.9187,78.69,79,84,20.15
416,Luderitz,NA,2021-12-06 06:00:56,-26.6481,15.1594,65.95,67,0,13.33
417,Maua,BR,2021-12-06 06:00:57,-23.6678,-46.4614,69.37,84,95,4.7
418,Sasaram,IN,2021-12-06 06:00:57,24.951,84.0149,81.03,43,0,4.74
419,Syriam,MM,2021-12-06 06:00:57,16.7722,96.2378,84.31,70,41,6.91
420,Mporokoso,ZM,2021-12-06 06:00:57,-9.3727,30.125,71.58,58,98,6.13
421,Sabang,ID,2021-12-06 06:00:57,5.8933,95.3214,81.84,75,85,14.52
422,Marsh Harbour,BS,2021-12-06 06:00:58,26.5412,-77.0636,77.02,77,36,15.5
423,Faya,SA,2021-12-06 06:00:58,18.3851,42.4509,62.01,28,0,3.53
424,Homer,US,2021-12-06 06:00:58,59.6425,-151.5483,34.03,86,90,3.44
425,Nuqui,CO,2021-12-06 06:00:59,5.7125,-77.2708,76.57,92,100,4.23
426,Heihe,CN,2021-12-06 06:00:59,50.2441,127.4902,25.38,67,2,9.86
427,Nishihara,JP,2021-12-06 06:00:59,26.1842,127.7558,74.86,50,40,17.27
428,Rocha,UY,2021-12-06 05:57:20,-34.4833,-54.3333,58.35,96,17,3.36
429,Santa Maria,BR,2021-12-06 05:58:09,-29.6842,-53.8069,63.23,95,26,3.78
430,Vale,GE,2021-12-06 06:01:00,41.6156,42.8722,38.61,70,8,2.1
431,Kurumkan,RU,2021-12-06 06:01:00,54.3,110.3,21.33,93,43,3.13
432,Cam Ranh,VN,2021-12-06 06:01:01,11.9214,109.1591,80.56,65,75,17.27
433,Brockville,CA,2021-12-06 06:01:01,44.5834,-75.6826,37.65,93,100,14.38
434,Champasak,LA,2021-12-06 06:01:01,14.75,106.0,86.63,39,40,2.75
435,Chinhoyi,ZW,2021-12-06 06:01:01,-17.3667,30.2,82.9,32,22,12.01
436,Ravar,IR,2021-12-06 06:01:01,31.2656,56.8055,59.11,26,100,3.15
437,Kharp,RU,2021-12-06 06:01:02,66.8014,65.8081,0.7,94,98,6.78
438,Port Pirie,AU,2021-12-06 06:01:02,-33.1833,138.0167,72.54,50,80,12.28
439,Nador,MA,2021-12-06 06:00:12,35.174,-2.9287,57.45,67,20,17.27
440,Lokoja,NG,2021-12-06 06:01:02,7.8024,6.743,75.72,45,76,2.01
441,Cuamba,MZ,2021-12-06 06:01:03,-14.8031,36.5372,81.88,54,100,6.96
442,Udomlya,RU,2021-12-06 06:01:03,57.8794,34.9925,7.48,93,100,7.49
443,Deputatskiy,RU,2021-12-06 06:01:03,69.3,139.9,-20.79,99,100,0.81
444,Oistins,BB,2021-12-06 06:01:03,13.0667,-59.5333,79.5,74,98,22.24
445,San Policarpo,PH,2021-12-06 06:01:04,12.1791,125.5072,80.47,80,32,14.54
446,Whitehorse,CA,2021-12-06 06:01:04,60.7161,-135.0538,-8.7,83,81,15.01
447,Iqaluit,CA,2021-12-06 06:01:04,63.7506,-68.5145,10.13,72,90,13.0
448,Comodoro Rivadavia,AR,2021-12-06 06:01:04,-45.8667,-67.5,58.86,74,19,8.95
449,Rocky Mountain House,CA,2021-12-06 06:01:05,52.3668,-114.9188,-0.17,94,94,5.03
450,Beipiao,CN,2021-12-06 06:01:05,41.7919,120.7792,38.3,35,5,12.77
451,Poros,GR,2021-12-06 06:00:16,37.4994,23.4536,62.62,72,1,7.85
452,Rakiv Lis,UA,2021-12-06 06:01:05,51.6217,24.9243,28.56,96,100,5.14
453,Fuling,CN,2021-12-06 06:01:05,29.7022,107.3919,66.88,55,1,2.84
454,Phan Thiet,VN,2021-12-06 06:01:06,10.9333,108.1,80.28,70,74,7.14
455,Sulechow,PL,2021-12-06 06:01:06,52.0836,15.6251,31.77,74,90,6.91
456,Marawi,PH,2021-12-06 06:01:06,7.9986,124.2928,73.65,83,69,6.51
457,Namtsy,RU,2021-12-06 06:02:06,62.7161,129.6658,-27.29,96,71,3.85
458,Hirado,JP,2021-12-06 06:02:07,33.3597,129.5531,64.38,56,36,3.56
459,Laiyang,CN,2021-12-06 06:02:07,36.9758,120.7136,52.72,46,81,9.62
460,Iwatsuki,JP,2021-12-06 06:02:07,35.9428,139.6919,55.71,52,100,7.92
461,Taksimo,RU,2021-12-06 06:01:10,56.3444,114.8794,10.96,93,100,1.7
462,Hofn,IS,2021-12-06 06:02:08,64.2539,-15.2082,42.15,95,100,16.02
463,Waingapu,ID,2021-12-06 06:02:08,-9.6567,120.2641,84.97,71,100,6.2
464,Kuryk,KZ,2021-12-06 06:02:08,43.2,51.65,44.69,55,60,6.2
465,Lannion,FR,2021-12-06 06:00:05,48.75,-3.4167,44.58,76,0,8.05
466,Neuquen,AR,2021-12-06 06:02:09,-38.9516,-68.0591,70.2,39,0,9.1
467,Altamira,BR,2021-12-06 06:02:09,-3.2033,-52.2064,72.16,98,87,1.97
468,Guerrero Negro,MX,2021-12-06 06:02:10,27.9769,-114.0611,61.18,89,0,9.35
469,Iralaya,HN,2021-12-06 06:02:10,15.0,-83.2333,77.41,88,3,8.21
470,George,ZA,2021-12-06 06:01:10,-33.963,22.4617,62.15,94,90,12.66
471,Tombouctou,ML,2021-12-06 06:02:10,20.0,-3.0,56.84,21,90,9.8
472,La Union,PE,2021-12-06 06:02:11,-5.4,-80.75,67.5,80,100,10.49
473,Jalingo,NG,2021-12-06 06:02:11,8.8833,11.3667,76.15,28,98,3.71
474,Kutahya,TR,2021-12-06 06:00:22,39.4242,29.9833,44.01,91,55,5.3
475,Lethem,GY,2021-12-06 06:02:11,3.3803,-59.7968,76.3,83,98,8.88
476,Fort Nelson,CA,2021-12-06 06:02:11,58.8053,-122.7002,-22.79,100,42,2.17
477,Tartagal,AR,2021-12-06 06:02:12,-22.5164,-63.8013,70.54,75,100,3.94
478,Kamina,CD,2021-12-06 06:02:12,-8.7386,24.9906,66.85,93,100,5.03
479,Leh,IN,2021-12-06 06:02:12,34.1667,77.5833,22.91,76,95,4.27
480,Bodden Town,KY,2021-12-06 06:02:13,19.2833,-81.25,78.93,88,72,10.96
481,Qasigiannguit,GL,2021-12-06 06:02:13,68.8193,-51.1922,26.85,61,80,15.86
482,Batemans Bay,AU,2021-12-06 06:02:13,-35.7167,150.1833,71.2,64,100,9.64
483,Cururupu,BR,2021-12-06 06:02:13,-1.8283,-44.8683,74.71,97,68,2.89
484,Srednekolymsk,RU,2021-12-06 06:02:14,67.45,153.6833,-42.84,98,97,4.41
485,Brunswick,US,2021-12-06 06:02:14,41.2381,-81.8418,57.18,81,75,5.01
486,Tarnogskiy Gorodok,RU,2021-12-06 06:02:14,60.4997,43.5761,-0.6,100,88,1.43
487,Rio Grande,BR,2021-12-06 06:00:18,-32.035,-52.0986,65.95,86,5,11.1
488,Port Blair,IN,2021-12-06 06:02:14,11.6667,92.75,81.68,59,94,12.64
489,Knysna,ZA,2021-12-06 06:02:15,-34.0363,23.0471,64.78,94,100,6.58
490,Maoming,CN,2021-12-06 06:02:15,21.65,110.9,75.99,20,73,2.71
491,Berlevag,NO,2021-12-06 06:02:15,70.8578,29.0864,26.55,68,0,28.77
492,Hovd,MN,2021-12-06 06:02:15,48.0056,91.6419,25.57,39,98,3.04
493,Myre,NO,2021-12-06 06:02:16,69.1036,15.9492,22.95,62,55,8.59
494,Jalu,LY,2021-12-06 06:02:16,29.0331,21.5482,54.66,62,62,7.2
495,Laguna,US,2021-12-06 06:02:16,38.421,-121.4238,49.08,96,1,3.44
496,Sulangan,PH,2021-12-06 06:02:16,11.1373,123.7228,82.06,72,55,18.92
497,Moose Factory,CA,2021-12-06 06:02:17,51.2585,-80.6094,11.16,92,100,4.74
498,Hokitika,NZ,2021-12-06 06:00:56,-42.7167,170.9667,56.25,68,96,8.37
499,Yeppoon,AU,2021-12-06 06:02:17,-23.1333,150.7333,85.78,70,39,15.7
500,Padang,ID,2021-12-06 06:02:30,-0.9492,100.3543,86.47,64,50,7.38
501,Zarate,AR,2021-12-06 06:00:27,-34.0981,-59.0286,67.95,95,0,4.29
502,Chara,RU,2021-12-06 06:01:39,56.9064,118.2631,8.13,85,99,2.19
503,Snezhnogorsk,RU,2021-12-06 06:03:18,69.1933,33.2531,2.98,77,64,29.57
504,Easton,US,2021-12-06 06:02:59,40.6884,-75.2207,46.44,85,90,1.01
505,Pavilosta,LV,2021-12-06 06:03:19,56.8879,21.1859,19.35,86,79,11.68
506,Varlamovo,RU,2021-12-06 06:03:19,53.1897,48.4226,26.67,87,88,3.36
507,Winona,US,2021-12-06 06:03:19,43.9666,-91.7668,31.44,81,90,14.97
508,Jaen,ES,2021-12-06 06:01:46,38.0,-3.5,39.94,89,20,2.24
509,Port Augusta,AU,2021-12-06 06:03:20,-32.5,137.7667,83.71,36,38,12.86
510,Raymond,US,2021-12-06 06:03:20,43.9015,-70.4703,41.29,69,99,1.86
511,Piploda,IN,2021-12-06 06:03:20,23.35,75.4333,75.07,36,73,5.55
512,Fare,PF,2021-12-06 06:03:20,-16.7,-151.0167,80.98,73,35,13.56
513,Sobolevo,RU,2021-12-06 06:03:20,54.4299,31.8996,27.57,93,100,7.43
514,Mwinilunga,ZM,2021-12-06 06:03:21,-11.7358,24.4293,66.06,86,100,5.48
515,Kushima,JP,2021-12-06 06:03:21,31.4583,131.2333,62.24,60,42,5.88
516,Stavern,NO,2021-12-06 06:03:21,59.0,10.0333,20.3,83,100,14.85
517,Cameta,BR,2021-12-06 06:03:21,-2.2444,-49.4958,76.17,89,87,2.86
518,Prieska,ZA,2021-12-06 06:03:22,-29.6641,22.7474,61.83,56,0,9.71
519,Mandalgovi,MN,2021-12-06 06:03:22,45.7625,106.2708,27.5,29,0,17.07
520,Zhigansk,RU,2021-12-06 06:03:22,66.7697,123.3711,-25.53,96,100,11.52
521,Clovis,US,2021-12-06 06:00:28,36.8252,-119.7029,51.84,94,90,1.99
522,Verkhnyaya Toyma,RU,2021-12-06 06:03:23,62.2349,44.9985,-0.96,98,20,2.55
523,Karratha,AU,2021-12-06 06:03:23,-20.7377,116.8463,100.98,29,39,24.4
524,Emporia,US,2021-12-06 06:03:23,38.4039,-96.1817,41.2,36,1,23.02
525,Trincomalee,LK,2021-12-06 06:03:23,8.5711,81.2335,82.0,74,4,6.96
526,Aranos,NA,2021-12-06 06:03:24,-24.1333,19.1167,67.19,34,0,11.25
527,Yuanping,CN,2021-12-06 06:03:24,38.7153,112.7575,41.81,28,0,6.87
528,Kljuc,BA,2021-12-06 06:03:24,44.535,16.7722,38.52,99,100,3.78
529,Nahrin,AF,2021-12-06 06:03:24,36.0649,69.1334,54.41,34,0,0.27
530,Tromso,NO,2021-12-06 06:03:24,69.6496,18.957,17.62,62,75,4.0
531,Chabahar,IR,2021-12-06 06:03:25,25.2919,60.643,75.88,43,29,4.0
532,Changji,CN,2021-12-06 06:03:25,44.0167,87.3167,32.79,59,51,2.24
533,Nantucket,US,2021-12-06 06:03:25,41.2835,-70.0995,48.31,72,20,18.41
534,Sao Lourenco Do Oeste,BR,2021-12-06 06:03:25,-26.3592,-52.8511,58.73,93,0,3.02
535,Valleyview,CA,2021-12-06 06:03:26,55.0667,-117.2859,6.66,88,92,5.5
536,Brigantine,US,2021-12-06 06:03:26,39.4101,-74.3646,57.0,94,90,10.36
537,Tahta,EG,2021-12-06 06:03:26,26.7693,31.5021,59.11,59,97,4.97
538,Mapimi,MX,2021-12-06 06:03:26,25.8167,-103.85,65.32,27,100,2.98
539,Bartica,GY,2021-12-06 06:03:26,6.4,-58.6167,75.52,99,99,0.98
540,Holme,DK,2021-12-06 06:03:27,56.1138,10.1725,33.37,83,92,11.97
541,Hachinohe,JP,2021-12-06 06:03:27,40.5,141.5,49.82,64,37,2.46
542,Khash,IR,2021-12-06 06:03:27,28.2211,61.2158,58.62,21,9,3.0
543,Ketchikan,US,2021-12-06 06:03:27,55.3422,-131.6461,27.07,93,1,3.44
544,Kutum,SD,2021-12-06 06:03:28,14.2,24.6667,64.04,20,2,5.3
545,Bulembu,SZ,2021-12-06 06:03:28,-25.9667,31.1333,73.98,61,91,3.96
546,Doaba,PK,2021-12-06 06:03:28,33.4244,70.7364,60.04,39,1,0.96
547,Qui Nhon,VN,2021-12-06 06:02:38,13.7667,109.2333,69.01,92,98,14.23
548,Blackwater,AU,2021-12-06 06:02:15,-23.5833,148.8833,86.36,44,96,8.05
549,Pokhara,NP,2021-12-06 06:03:36,28.2333,83.9833,71.96,42,3,5.44
550,Kahta,TR,2021-12-06 06:04:29,37.7855,38.6237,47.57,81,0,5.75
551,Naivasha,KE,2021-12-06 06:04:29,-0.7167,36.4359,62.1,69,88,1.99
552,Christchurch,NZ,2021-12-06 06:02:33,-43.5333,172.6333,55.94,86,90,5.75
553,Pangnirtung,CA,2021-12-06 06:04:30,66.1451,-65.7125,4.69,98,100,7.52
554,Marabba,SD,2021-12-06 06:04:30,12.35,32.1833,79.45,23,2,12.62
555,Keti Bandar,PK,2021-12-06 06:04:31,24.1447,67.4497,79.97,25,2,8.14
556,Manga,BF,2021-12-06 06:04:31,11.6636,-1.0731,71.26,17,45,7.92
557,Staryy Nadym,RU,2021-12-06 06:04:31,65.6118,72.6842,-20.16,93,14,10.33
558,Shahr-E Babak,IR,2021-12-06 06:04:31,30.1165,55.1186,52.07,37,41,10.63
559,Lukovetskiy,RU,2021-12-06 06:04:31,64.2956,41.9211,6.78,99,35,3.69
560,Ode,NG,2021-12-06 06:04:32,7.7899,5.7117,70.45,42,49,2.59
561,Durazno,UY,2021-12-06 06:04:32,-33.4131,-56.5006,58.68,96,2,7.23
562,Kargasok,RU,2021-12-06 06:04:32,59.0556,80.8572,12.43,93,99,8.41
563,Qeshm,IR,2021-12-06 06:00:32,26.9581,56.2719,75.07,54,44,5.01
564,Muroto,JP,2021-12-06 06:04:33,33.2833,134.15,57.45,56,98,0.92
565,Gniezno,PL,2021-12-06 06:04:33,52.5348,17.5826,32.9,94,100,11.1
566,Pisco,PE,2021-12-06 06:04:33,-13.7,-76.2167,66.25,82,0,6.91
567,Lagos,NG,2021-12-06 06:01:38,6.5833,3.75,76.62,92,32,2.26
568,Bojnurd,IR,2021-12-06 06:04:34,37.4747,57.329,49.96,33,99,5.26
569,Marystown,CA,2021-12-06 06:04:34,47.1666,-55.1483,33.85,100,94,18.81
570,Timbiqui,CO,2021-12-06 06:04:34,2.7717,-77.6654,73.42,97,100,5.44
571,Aykhal,RU,2021-12-06 06:03:17,66.0,111.5,-20.92,96,84,9.33
572,Nurota,UZ,2021-12-06 06:04:35,40.5614,65.6886,42.89,44,3,4.43
573,Mahebourg,MU,2021-12-06 06:04:35,-20.4081,57.7,82.26,67,6,14.14
574,Sacama,EC,2021-12-06 06:04:35,-3.9,-79.2667,50.45,95,100,3.42
575,Urdoma,RU,2021-12-06 06:04:36,61.7533,48.5442,-5.26,100,78,3.06
576,Sakaiminato,JP,2021-12-06 06:04:36,35.55,133.2333,54.03,57,70,3.09
577,Vodstroy,RU,2021-12-06 06:03:48,48.8416,44.5579,32.29,93,90,11.18
578,Koutsouras,GR,2021-12-06 06:04:36,35.0339,25.9469,58.1,80,30,14.09
579,Zhangye,CN,2021-12-06 06:01:33,38.9342,100.4517,40.42,27,69,6.6
580,Haapiti,PF,2021-12-06 06:04:37,-17.5667,-149.8667,81.72,74,42,18.32
581,Wau,SS,2021-12-06 06:04:38,7.7029,27.9953,81.97,27,97,6.6
